{"dirts": {"dirt_4": {"loc": [0.2506846898299482, 1.0], "load_loc": [[0.0, 1.0], [0.5, 1.0]]}, "dirt_5": {"loc": [0.5, 0.7265218052644093], "load_loc": [[0.5, 0.5], [0.5, 1.0]]}, "dirt_1": {"loc": [0.7733139339834665, 1.5], "load_loc": [[0.5, 1.5], [1.0, 1.5]]}, "dirt_2": {"loc": [0.0, 0.24534349471555822], "load_loc": [[0.0, 0.0], [0.0, 0.5]]}, "dirt_3": {"loc": [0.7733884767701508, 2.0], "load_loc": [[0.5, 2.0], [1.0, 2.0]]}}}