{"dirts": {"dirt_4": {"loc": [0.27122226723567794, 0.0], "load_loc": [[0.0, 0.0], [0.5, 0.0]]}, "dirt_5": {"loc": [1.0, 0.7266723400219549], "load_loc": [[1.0, 0.5], [1.0, 1.0]]}, "dirt_1": {"loc": [0.7649758799998292, 1.0], "load_loc": [[0.5, 1.0], [1.0, 1.0]]}, "dirt_2": {"loc": [0.2715560958551511, 0.5], "load_loc": [[0.0, 0.5], [0.5, 0.5]]}, "dirt_3": {"loc": [0.2574660179153453, 3.0], "load_loc": [[0.0, 3.0], [0.5, 3.0]]}}}