{"dirts": {"dirt_4": {"loc": [0.2527517377480454, 1.5], "load_loc": [[0.0, 1.5], [0.5, 1.5]]}, "dirt_5": {"loc": [1.0, 0.7486972045108147], "load_loc": [[1.0, 0.5], [1.0, 1.0]]}, "dirt_1": {"loc": [0.7701136066182036, 3.0], "load_loc": [[0.5, 3.0], [1.0, 3.0]]}, "dirt_2": {"loc": [0.261483659587854, 0.0], "load_loc": [[0.0, 0.0], [0.5, 0.0]]}, "dirt_3": {"loc": [0.7643262705022709, 1.0], "load_loc": [[0.5, 1.0], [1.0, 1.0]]}}}