{"dirts": {"dirt_10": {"loc": [2.263159007909147, 1.0], "load_loc": [[2.0, 1.0], [2.5, 1.0]]}, "dirt_4": {"loc": [2.5, 0.7317545197317092], "load_loc": [[2.5, 0.5], [2.5, 1.0]]}, "dirt_5": {"loc": [2.5, 2.2437016851661773], "load_loc": [[2.5, 2.0], [2.5, 2.5]]}, "dirt_6": {"loc": [2.0, 0.7259089744089523], "load_loc": [[2.0, 0.5], [2.0, 1.0]]}, "dirt_7": {"loc": [0.758577966960848, 0.0], "load_loc": [[0.5, 0.0], [1.0, 0.0]]}, "dirt_1": {"loc": [0.5, 0.7449827836798963], "load_loc": [[0.5, 0.5], [0.5, 1.0]]}, "dirt_2": {"loc": [0.0, 2.728622558056589], "load_loc": [[0.0, 2.5], [0.0, 3.0]]}, "dirt_3": {"loc": [1.0, 0.7371017274493298], "load_loc": [[1.0, 0.5], [1.0, 1.0]]}, "dirt_8": {"loc": [0.2613532839468373, 1.5], "load_loc": [[0.0, 1.5], [0.5, 1.5]]}, "dirt_9": {"loc": [1.2546686045123827, 2.0], "load_loc": [[1.0, 2.0], [1.5, 2.0]]}}}